Happened,Matters,Found,Link,timestamp,Publication Name,topics,sentiment,emotions
Japanese male fire sergeant suspended for one month for forcing colleagues to play homemade board games at work.,"As a game designer, it's hard to get people to play the games we make, so it's kinda funny but sad that he was suspended for this.",My prof told me in class,https://mainichi.jp/english/articles/20260414/p2a/00m/0na/021000c,2026-04-23T03:54:57.000Z,Mainichi Shimbun,"['Technology', 'Culture', 'International']",Bad News,"['Amused', 'Sad']"
"D4vid was charged with murdering and sexually abusing the minor, Celeste, and he is stating he is not guilty. The reason why the information took so long to be announced was because her body was badly decomposed.","D4vid gained a bigger audience after appearing in SZA's tour as well as having one of his songs in the Invincible sound track. His involvement in the case has been a huge detriment to his musical career, leaving a lot of fans feeling distrustful, disgusted, and surprised of D4vid.",My BF told me that there was more information regarding the case released,https://www.nytimes.com/2026/04/20/arts/music/d4vd-murder-charges-celeste-rivas-hernandez.html,2026-04-21T19:23:53.000Z,New York Times,"['Crime', 'Culture']",Good News,['Surprised']
"NYC mayor, Mamdani, pushed a new tax on luxury second homes because of the rising wealth gap and housing costs.","Housing has become less and less affordable, so this tax will incentivize owners to sell, rent, or pay the tax which will help NYC afford other services.",Instagram Reels @zohrankmamdani,https://www.nytimes.com/2026/04/18/nyregion/new-york-inequality-second-home-tax.html?smid=nytcore-android-share,2026-04-19T03:43:55.000Z,New York Times,"['Politics', 'Local', 'Social Issues', 'Personal Finance']",Good News,['Hopeful']
Designer Jake Burt has been selling unique hoodies since April 2026 only in his small shop in London to create the idea of scarcity and remind people of in person shopping,A lot of people are reliant on online shopping--buying smth and then getting it the next day. This shop is an ode to in person shopping while making cool clothes.,NYT,https://www.nytimes.com/2026/04/15/style/jake-burt-hoodie.html?smid=nytcore-android-share,2026-04-18T03:55:12.000Z,New York Times,['Culture'],Good News,['Curious']
"Popular music artist, D4vid has been detained April 16th by LAPD in relation to Celeste Hernandez's death.","D4vid's case blew up on social media, where many content creators had already ""solved"" this case, and a lot of people are confused as to why it's took the police so long to charge D4vid, so him finally being detained shows they will hopefully soon release more official information about the case.","My bf mentioned to me saying ""DAVID FINALLY GOT ARRESTED""",https://www.nytimes.com/2026/04/16/arts/music/d4vd-charged-teen-death-tesla.html?smid=nytcore-android-share,2026-04-17T03:28:55.000Z,New York Times,"['Crime', 'Culture']",Good News,"['Hopeful', 'Frustrated']"
"Trump made it harder for people to file taxes by killing Direct File, produced by the Biden administration, because he felt that people didn't use it and it cost a lot to maintain.",Making it harder for people to file taxes affects lower income households because of possible language barriers and costs--these households are less likely to be able to afford tax refund programs like TurboTax.,NYT,https://www.nytimes.com/2026/04/04/opinion/taxes-trump-direct-file-tax-day-april.html,2026-04-16T00:21:07.000Z,New York Times,"['Politics', 'Technology', 'Personal Finance']",Bad News,['Frustrated']
"After man stabbed 3 people in Grand Central NYC, he was shot and killed by NYPD -- leaving Grand Central empty despite it's usual hustle and bustle.",People are rethinking whether they want to commute anymore and many people are associating the crime with Mamdani's recent election and blaming the police force.,Instagram Reels @big1apple1vibes,https://www.instagram.com/reel/DW_9lDgEXkC/?igsh=dnlqMjNpemVwMnc=,2026-04-14T15:38:48.000Z,Instagram,"['Crime', 'Local']",Bad News,"['Concerned', 'Frustrated']"
"Ben Riley tried to convince his father that AI was misleading him about cancer advice, but his father didn't listen because he felt the knowledge AI provided was empowering.","There have been increased reports where people listen to AI, when it's medical advice is not sound. A lot of the times it makes up statistics and people aren't able to tell, leading them to make mistakes and reject professional advice.",NYT,https://www.nytimes.com/2026/04/13/well/ai-chatbots-cancer.html?smid=nytcore-android-share,2026-04-14T03:55:58.000Z,New York Times,"['Technology', 'Health']",Bad News,['Concerned']
"Jenny Xu, CEO of Talofa Games, shares her experience of making many games and her inspiration behind them, as well as how she got into the game development industry in the first place.","Since I'm graduating from Parsons DT soon, I've been curious how people get into the industry, especially women since this industry is notorious for undermining women.",I saw it on the Google Play homepage randomly as I was looking for a new app to download,https://play.google.com/store/apps/editorial?id=mc_games_editorialevergreen_indiedevinterviewseries_talofa_fcp,2026-04-13T03:37:38.000Z,Google Play,"['Technology', 'Business']",Good News,['Curious']
"There have been many incidents where teens (""conquesters"" and ""foamers"") have been carousing NYC trains using modded skeleton keys which are easily accessible and cheap, this is primarily due to their love of trains and their hope to steal MTA equipment.","Teens, who aren't even eligible to drive a car yet, should not be able to have access to drive trains, and this puts a lot of civilians at risk because of MTA's negligence.",NYT,https://www.nytimes.com/2026/04/10/nyregion/nyc-subway-conquesting-joyride.html,2026-04-10T23:06:08.000Z,New York Times,"['Technology', 'Local']",Bad News,['Concerned']
"KJ was born with a rare genetic disease, but CRISPR technology was able to get mRNA into his liver to save him.","As technology becomes more advanced, editing baby's genes can be life saving but also cause ethical concerns where parents may take advantage of this technology to change genes based on what the parents want. While technology hasn't reached this point yet, because it's very expensive and risky, this could be a future issue that only rich people have access to.",NYT,https://www.nytimes.com/2026/04/09/opinion/genetic-editing-diseases-health-care.html,2026-04-09T18:16:18.000Z,New York Times,"['Technology', 'Health', 'Personal Finance']",Good News,"['Concerned', 'Hopeful']"
"A woman shares her experience of supporting her husband while he can't find a job and is trying to get an online masters in CS because he hopes it will open him to more opportunities, but he should really be focusing on his career and what will happen after his degree.","As a senior at Parsons, unemployment is near, and many people can't find jobs either. I'm wondering what more I can do and what it will mean for my relationship while searching for a job.",NYT,https://www.nytimes.com/2026/04/04/business/my-husband-cant-get-a-job-should-i-divorce-him.html,2026-04-07T19:04:53.000Z,New York Times,"['Technology', 'Education']",Good News,['Curious']
Many people's closets are a mess because they dont utilize vertical space and they don't use gadgets to help them organize.,We live in NY and closets tends to be pretty small despite needing lots of clothes because people in NY are known for being fashionable and well put together. I was hoping this article would provide a lot of new and unique products but it was mostly pretty obvious items.,NYT,https://www.nytimes.com/wirecutter/reviews/closet-organizing-ideas/,2026-04-07T03:03:16.000Z,New York Times,['Culture'],Good News,['Curious']
"Matcha is growing really popular and people claim the buzz is smoother than coffee, but experts say there's not much evidence to support this and it could just be because of a  lower caffeine or sugar dose.","Matcha lattes are more expensive than cafe lattes. Many people pay a premium price for these benefits, while they don't actually exist. Perhaps the popularity is also growing due to the appeal of Japanese culture. Many wellness trends seem to follow this pattern of taking/""discovering"" something from another culture, claiming it has added health benefits, increasing the price, and selling to a western audience who think ""exotic"" products are more ""authentic""--like kombucha and acai bowls.",NYT,https://www.nytimes.com/2026/03/17/well/eat/matcha-caffeine-coffee.html,2026-04-04T02:30:47.000Z,New York Times,"['Politics', 'Technology', 'Health', 'Culture', 'Business']",Good News,['Curious']
"Shapewear works in a way that allows people to attain the body shape they want, without dieting or going to the gym, but what's underneath is the same.","The answer they gave was already pretty obvious, and didn't really get at the heart of the topic. With social media, filters, etc. people's ideal body type has become more and more unrealistic. Shapewear companies target women insecurities and body dysmorphia while knowing that the product is expensive, uncomfortable.",NYT,https://www.nytimes.com/2026/03/30/fashion/shapewear-spanx-skims.html?smid=nytcore-android-share,2026-04-03T03:47:48.000Z,New York Times,"['Technology', 'Culture']",Good News,['Curious']
"Trump will lose the birthright citizenship case at the Supreme Court, but he has already won by changing the rules to benefit himself. Lower courts will now have less power and wont be able to have nationwide injunctions.",Now issues can be ruled as illegal but still affect a lot of people so the government can perform more questionable acts.,NYT,https://www.nytimes.com/2026/04/01/opinion/birthright-citizenship-case-trump.html?smid=nytcore-android-share,2026-04-02T02:23:52.000Z,New York Times,['Politics'],Good News,['Skeptical']
It's important to change your running shoes after 300-500miles because it can lead to an increase risk of injury.,"Walking and running around NYC constantly really wears down people's shoes, and I usually replace them after a semester, so I was curious on how often we should really be replacing them.",NYT,https://www.nytimes.com/2026/03/31/well/move/replace-running-shoes.html?smid=nytcore-android-share,2026-04-01T03:57:39.000Z,New York Times,"['Local', 'Health']",Good News,['Curious']
Trump's new ballroom design decisions are being made very hastily because they are trying to implement them ASAP.,Being quicker will prevent people from stopping the construction especially since a lot of the renovations are unnecessarily grand.,NYT,https://www.nytimes.com/interactive/2026/03/29/upshot/white-house-ballroom.html?smid=nytcore-android-share,2026-03-30T03:31:21.000Z,New York Times,"['Politics', 'Culture']",Bad News,['Concerned']
Society sees gray hair as an end of life signal and it can also harm womens' careers. Hair dye is very powerful for women but it also signifies not accepting your true age. Going grey can feel empowering and theres new techniques to help women feel more confident with grey hair.,"My mom continues to dye her hair and some of her friends have been asking her when shes going to stop. Although it's a personal choice, I never thought about the connotations of having grey hair.",NYT,https://www.nytimes.com/2026/03/23/fashion/gray-hair-natural-dye.html?smid=nytcore-android-share,2026-03-29T03:00:57.000Z,New York Times,['Politics'],Good News,['Surprised']
Developments and cities are trying to add more restaurants and bars so they make the environment lively and exciting.,"Food is love, sharing food and enjoying a meal together brings people closer together and helps people feel connected, and more restaurants means more new foods to try.",NYT,https://www.nytimes.com/2026/03/26/realestate/communities-for-living-working-playing-eating.html?smid=nytcore-android-share,2026-03-28T03:17:05.000Z,New York Times,['Culture'],Good News,['Hopeful']
Man stabs and kills worker in Japan and then stabs himself. Coworkers risk their lives by prioritizing evacuating customers.,"Japan has one of the lowest crime rates and is known for having banned guns, so this challenges Japan's notability for safety.","Instagram Reels talking about the story, I then looked up an article about it to get more info",https://share.google/hDffRzPUt6Wwi8EP5,2026-03-27T03:35:27.000Z,WTAJ,"['Crime', 'International']",Bad News,['Concerned']
ICE agents are checking IDs at airports using TSA equipment. The actual TSA employees continue to work without pay and the ICE agents salaries are inflated.,ICE agents are not qualified to be working as TSA agents and shouldn't be allowed to operate their equipment without the proper training beforehand.,NYT,https://www.nytimes.com/2026/03/25/us/ice-airports-checking-ids-security.html?smid=nytcore-android-share,2026-03-26T02:15:30.000Z,New York Times,['Politics'],Bad News,['Angry']
"Sheep are domesticated; PETA has stated that shearing sheep is cruel, but in reality, not shearing them is more cruel because the weight can immobilize them and their wool grows continuously.","This was brought to my attention during class, and I never knew this, although the article is new, I was interested to hear about it because I just learned that chickens are domesticated animals too, and they all evolved to benefit humans.","School, my prof mentioned it, so I looked it up",https://www.theguardian.com/world/2018/nov/28/it-is-more-cruel-not-to-shear-sheep,2026-03-24T22:08:38.000Z,Guardian,['Culture'],Good News,['Curious']
"Julia Angwin, a NYT journalist, is suing Grammarly for suggesting edits using her name because in reality Angwin would not recommend the slop Grammarly is recommending.","One of Angwin's strengths as a journalist, is writing well, and grammarly suggesting bad edits and without Angwin's permission devalues her as a journalist.",NYT,https://www.nytimes.com/2026/03/13/opinion/ai-doppelganger-deepfake-grammarly.html?smid=nytcore-android-share,2026-03-14T09:59:33.000Z,New York Times,['Technology'],Bad News,['Curious']
Cats always fall on their feet because of their flexible spines that help them turn them to look at the ground so they know how to land.,"Lots of technologies are based off animal behaviors and adaptations, in the future this could be a technological advancement for humans.",NYT,https://www.nytimes.com/2026/03/11/science/falling-cat-problem.html?smid=nytcore-android-share,2026-03-12T03:06:38.000Z,New York Times,['Technology'],Good News,['Curious']
Hundreds of flights have been canceled or delayed this week due to TSAs low staffing levels.,"Spring break is next week and this week for other schools, and lots of people are going to be flying, so a lot of people are going to be impacted.","My mom sent me a WhatsApp Message but she was talking about NPR and the Boston Globe's story, but I couldn't find them",https://youtu.be/ERozkcrhqSs?si=PNSucNxVZYB19CzA,2026-03-11T03:41:48.000Z,CNN,['Politics'],Bad News,"['Concerned', 'Frustrated']"
"Luckin Coffee, a Chinese coffee chain, has bought Blue Bottle Coffee but the brands are still expected to perform separately.","Blue Bottle Coffee is a beloved chain and Luckin Coffee is just starting to settle into NYC, it will be interesting to see whether Blue Bottles quality will diminish since Luckin Coffee is known for being inexpensive.",Instagram DMs,https://www.instagram.com/p/DVhPsZoDRs1/?igsh=MWl2eWkyZnE4Zm5zbw==,2026-03-10T03:37:45.000Z,Instagram,"['Technology', 'Culture']",Bad News,['Curious']
Consumers are starting to spend less at slop bowl places because the prices are too high due to rising prices in groceries and it's difficult for these food chains to lower the price.,Everything is becoming expensive. Even McDonald's can come out to be $20 if one isn't careful and it will be interesting to see how this affects the businesses.,NYT,https://www.nytimes.com/2026/03/06/business/chipotle-cava-sweetgreen-bowl-sales-prices.html?smid=nytcore-android-share,2026-03-08T04:57:28.000Z,New York Times,"['Culture', 'Business', 'Personal Finance']",Bad News,['Curious']
"Trader Joe's recalled fried rice and dumplings because they contained glass remnants, but luckily no one was hurt.",I eat Trader Joe's food and considering that their could be foreign elements in it is scary.,NYT,https://www.nytimes.com/2026/03/04/us/trader-joes-recall-frozen-asian-food.html?smid=nytcore-android-share,2026-03-07T03:21:30.000Z,New York Times,['Culture'],Bad News,"['Concerned', 'Reflective']"
"Kristi Noem, previous Secretary of Homeland Security, was fired after spending $220 million on an ad campaign because her answers didn't align with Trump's.","She demonized immigrants and allowed many Americans to die, despite these actions, she maintained her position, but after she said one thing wrong, she got ousted--the system shows how performative loyalty is rewarded but dissent is not tolerated.",My friend messaged me on Instagram saying Kristi Noem got fired.,https://www.theguardian.com/us-news/2026/mar/05/kristi-noem-fired,2026-03-06T04:49:23.000Z,Guardian,['Politics'],Good News,['Angry']
"Mcdonalds CEO, Chris Kempczinski, tried a new menu item for ad campaign, people commented on his small bite, saying that he doesn't enjoy his own product and Burger King also replied.","Mcdonalds branding and advertising teams OK this video and thought that it was either good or too scared to voice their opinion, shows group dynamics and groupthink in a corporate setting.",My BF,https://www.nbcnews.com/pop-culture/pop-culture-news/mcdonalds-burger-king-beef-ceos-viral-video-rcna261689,2026-03-05T03:30:49.000Z,NBC News,"['Technology', 'Business']",Bad News,['Amused']
Dogs are expected to help people live longer because they encourage people to be active and lower people's blood pressure.,"Many people are pet enthusiasts and pets have a lot of abilities to help people psychologically and physically, but this adds another reason that isn't geared towards mental health.",NYT after scrolling for a while,https://www.nytimes.com/2026/03/03/well/pet-longevity-health-benefits.html?smid=nytcore-android-share,2026-03-04T04:49:52.000Z,New York Times,['Health'],Good News,['Curious']
"Tenz and Kyedae, a famous gaming couple mutually broke up after 6-7 years, their breakup gained a lot of speculation and Kyedae received backlash because of their history together.","Despite the couple claiming that the break up was mutual, the internet has primarily blamed it on Kyedae, claiming that she is a leech and used Tenz and that she probably cheated on him. This shows the hidden misogyny and parasocialism in the community and that people assume the worst from the female and the best from the male in the relationship.",Instagram post,https://www.hercampus.com/school/sjsu/the-tenz-and-kyedae-break-up-misogyny-and-parasocialism-represented-in-the-gaming-community/,2026-03-03T02:09:42.000Z,Her Campus,['Technology'],Bad News,['Curious']
"Brady Tkachuk had joked on a phone call with Donald Trump about the US women's hockey team, he addressed the backlash he got from this by saying he was caught off guard, and that he respects the women's team and also mentioned that the offensive remarks are AI generated.",Any topic and politics have become intertwined and this phone call raised concerns about respect towards women athletes and shows how AI can change people's opinions.,NYT,https://www.nytimes.com/athletic/7070904/2026/02/26/tkachuk-sanderson-senators-trump-usa-olympics/?source=athletic_user_shared_article_copylink&smid=url-share-ta,2026-03-01T04:51:10.000Z,New York Times,"['Politics', 'Technology', 'Sports']",Bad News,['Concerned']
Four stories about people navigating social environments and figuring out how to respond in certain situations because communicating what they're thinking is difficult.,Everyone struggles to share how they're feeling and fail to realize other people's perspectives. This column helps acknowledge that and help people answer their social questions.,NYT,https://www.nytimes.com/2026/02/25/style/conversation-monopolizers-strategies.html?smid=nytcore-android-share,2026-02-28T04:38:50.000Z,New York Times,['Culture'],Good News,"['Skeptical', 'Reflective']"
"The housing market crash is starting to have more sellers than buyers, many people in the South are trying to sell their homes but are struggling to find buyers even with cash incentives.","As we are all getting older, buying a home will be in the far future but I have been worried considering how expensive homes are. If they get cheaper, this will be beneficial for me.",NYT,https://www.nytimes.com/2026/02/25/realestate/buyers-market-mortage-rates.html,2026-02-25T23:05:31.000Z,New York Times,"['Culture', 'Business', 'Social Issues', 'Personal Finance']",Good News,"['Hopeful', 'Reflective']"
Joseph Lynskey was pushed in front of an oncoming 18th St subway in NY 2 years ago and he is just starting to take the subway again.,"I can't imagine having to go through that, everyday I subconsciously think about the things that can go wrong and the uncertainties I have and it seems so traumatizing and scary to be in this situation where you have no control.",NYT,https://www.nytimes.com/2026/02/24/nyregion/joseph-lynskey-nyc-subway-shove-lawsuit.html?smid=nytcore-android-share,2026-02-25T04:22:51.000Z,New York Times,"['Culture', 'Local']",Good News,"['Concerned', 'Angry']"
Deliveristas in NY continued to work during Feb 22-23 snow blizzard eventhough some food apps paused service due to the risks.,This is one of the worst storms in a while and I can't imagine having to ride a bike or drive a car through it.,NYT,https://www.nytimes.com/2026/02/23/nyregion/nyc-winter-storm-deliverista.html?smid=nytcore-android-share,2026-02-24T04:21:26.000Z,New York Times,"['Politics', 'Technology', 'Culture', 'Environment']",Good News,"['Concerned', 'Grateful']"
"Takahiro Anno's political party, Team Mirai, won 11 seats in the House of Representatives in Tokyo on Feb 8th by campaigning for AI policies like government chatbots and self driving busses to modernize government and address labor shortages.","While AI is decreasing jobs in many fields, it will be interesting how it will take the jobs people don't want.",NYT,https://www.nytimes.com/2026/02/22/world/asia/japan-ai-politics-election.html?smid=nytcore-android-share,2026-02-23T03:45:35.000Z,New York Times,"['Politics', 'Technology', 'Culture', 'International']",Bad News,['Curious']
"Trump's ICE detention centers could be considered a ""concentration camp"" and these camps exist so they can do things that they wouldn't do out in the open.","I recently heard from someone that their friend got released from a Texas holding after 4 months. For some days he only ate a cookie because the food was inedible, the treatment there is so awful and it feels like there's not much we can do.",NYT,https://www.nytimes.com/2026/02/21/opinion/concentration-camp-andrea-pitzer.html?smid=nytcore-android-share,2026-02-22T04:58:45.000Z,New York Times,"['Politics', 'Culture']",Bad News,['Sad']
NYU Langone has stopped providing families with gender related care to adolescents February 18th because of defending threats from the Trump Administration.,"This is heart breaking for families that have been receiving care for many years, and now they have to frantically find a new provider, praying that they don't change policies in the future too.",NYT,https://www.nytimes.com/2026/02/19/nyregion/transgender-adolescents-nyu-langone-program-eliminated.html?smid=nytcore-android-share,2026-02-21T04:19:35.000Z,New York Times,"['Politics', 'Culture']",Bad News,['Hopeful']
"Draco Malfoy has become the icon of the Lunar New Year 2026 in China because Malfoy transliterates to ""ma er fu"" and horse in Mandarin is 马 (ma).","It's funny how languages become transliterated, this happens a lot in Chinese and it's always fun to see the memes that come out of it.",TikTok,https://www.nytimes.com/2026/02/19/world/asia/lunar-new-year-china-felton-malfoy-harry-potter.html?smid=nytcore-android-share,2026-02-20T04:24:08.000Z,New York Times,['International'],Good News,['Amused']
Kevin Durant from NBA Houston Rockets has been accused for the second time to be anonymously badmouthing teammates and coaches on X.,"This story caught my eye and it made me think about freedom of speech, technically he's allowed to do these things, but whether theyre ethically or morally right is another question",NYT,https://www.nytimes.com/athletic/7054258/2026/02/18/kevin-durant-x-burner-accounts-rockets/?source=athletic_user_shared_article_copylink&smid=url-share-ta,2026-02-19T04:22:28.000Z,New York Times,"['Technology', 'Sports']",Bad News,['Skeptical']
Man kills his wife and children at a highschool hockey game and suicides afterwards.,"Mass shootings happen every day and these people are just allowed to kill other people, this shouldn't be okay.",Samsung notification,https://www.samsung-news.com/articles/v2i2uZb8vG0ntmrqFAu1cQ-en-US?section=top_news&vc=760016000&action=news&tab=foryou&landing=news_detail&url=https%3A%2F%2Fwww.samsung-news.com%2Farticles%2Fv2i2uZb8vG0ntmrqFAu1cQ-en-US%3Fsection%3Dtop_news%26vc%3D760016000&id=v2i2uZb8vG0ntmrqFAu1cQ-en-US&pub_id=newsweek.com&pub=Newsweek&pub_logo=https%3A%2F%2Fnews-image.samsung-news.com%2Flogo%2Fcustom%2FNewsweek%2Fnewsweek-logo.png&theme_color=%23f7210f&referrer=share-news&title=Rhode%20Island%20hockey%20shooting%3A%20Video%20shows%20frantic%20moments%20inside%20arena&rss_url=https%3A%2F%2Fwww.newsweek.com%2Feyewitness-account-video-rhode-island-hockey-arena-shooting-11532374%3Futm_source%3Dsnews%26utm_medium%3Dreferral&img=https%3A%2F%2Fimage.samsung-news.com%2Fapi%2Fv1%2Fimage%2Fstatic%2Fw%3D700%2Ch%3D394%2Cface%3Dfalse%2Cstyle%3DLANDSCAPE%2Fhttps%3A%2F%2Fassets.newsweek.com%2Fwp-content%2Fuploads%2F2026%2F02%2FAP26047751205313.jpg&pub_time=2026-02-17T03%3A00%3A48Z&ed=en_US&section_type=headlines&category_id=news,2026-02-17T03:53:10.000Z,Samsung News,"['Crime', 'Sports']",Bad News,['Angry']
"Lancome L'Absolu Rogue, MACximal, Dior Addict Hydrating Shine, Revlon Super Lustrous, and Guerlain Rougue G Ultra Care are some of the best lipsticks on the market.",There's so many options and different brands that it can be confusing for buyers.,NYT,https://www.nytimes.com/card/2026/02/13/smarter-living/wirecutter/?smid=nytcore-android-share,2026-02-16T04:12:32.000Z,New York Times,"['Beauty', 'Business']",Good News,['Curious']
"People who drink to feel ""fun"" in society often drink more than people who drink solo, it's not good to rely on alcohol and lots of people are able to socialize without drinking alcohol.","I often feel like drinking benefits me by making me more sociable; although, I understand the side affects long term and short term, I'm not sure if I want to avoid alcohol.",My mom,https://www.nytimes.com/2026/02/10/health/social-drinking-risks-alcohol.html?smid=nytcore-android-share,2026-02-15T04:11:15.000Z,New York Times,"['Culture', 'Lifestyle']",Good News,['Reflective']
"Repeteaded use of earbuds and earplugs disrupts your ears natural process of shedding and cleaning itself, so it's best to use minimally.","My boyfriend has waxy ears and I wondered why, maybe this contributes to it.",NYT,https://www.nytimes.com/wirecutter/reviews/advice-wearing-earplugs-every-night/,2026-02-14T04:30:47.000Z,New York Times,['Lifestyle'],Bad News,"['Curious', 'Frustrated']"
"Dish soap can remove stains, cut grime and grease on appliances (fridges), and clean jewlery. It's a great multipurpose cleaner because it's safe on skin.","Living in NY, it takes up a lot of space to have many types of cleaners, having one that can do everything is cheaper and efficient.",NYT,https://www.nytimes.com/video/smarter-living/wirecutter/100000010669048/some-of-our-favorite-dish-soap-hacks.html?smid=nytcore-android-share,2026-02-13T02:32:15.000Z,New York Times,['Lifestyle'],Good News,['Curious']
George Howell in MA has a specialty coffee thats $24. It is supposed to taste floral and fruit and the price helps give back and recognize farmers.,I'm from Massachusetts and I drink coffee. I tried a floral fruit coffee in London and it tasted like a gross gummy bear. I wonder if this is better.,Looking up Boston News,https://www.nbcboston.com/news/local/this-specialty-coffee-offers-a-taste-of-the-world-in-boston-for-24-a-cup/3896563/,2026-02-12T03:20:12.000Z,NBC Boston,"['Culture', 'Business', 'Personal Finance']",Good News,"['Curious', 'Hopeful']"
Students from Pine Hill in Westwood MA wrote letters to football player Drake Maye to encourage him during the Superbowl.,"I'm from this hometown and went to this elementary school, although it was called Paul Hanlon school at the time this is the new renovation ver.",Looked up local news,https://share.google/42mPiqz0UwPDkNoHs,2026-02-10T19:27:02.000Z,WCVB,"['Sports', 'Education', 'Local']",Good News,['Surprised']
This article tells Ilia Malinin's story of how he became a figure skater and his amazing ability at quadruple axel.,Ilia Malinin won gold at the winter Olympics and hes the first and only to perform a 4A in competition,NYT,https://www.nytimes.com/2026/02/09/world/olympics/ilia-malinin-ice-skating-winter-olympics.html?smid=nytcore-android-share,2026-02-10T03:35:19.000Z,New York Times,"['Culture', 'Sports']",Good News,['Curious']
Patriots lost the Super Bowl to the Seahawks due to their really strong defense and Kenneth Walker's (Seahawks RB) ability to break away with the ball.,I'm from Massachusetts and I watched the Super Bowl also Drake Maye lives in my hometown.,NYT,https://www.nytimes.com/athletic/7030353/2026/02/08/super-bowl-2026-winner-score-results-seahawks-patriots/?source=athletic_user_shared_article_copylink&smid=url-share-ta,2026-02-09T04:08:50.000Z,New York Times,['Sports'],Bad News,['Sad']
"Players sweep the ice in curling to create friction that melts the ice, allowing the curling stone to curl into the path.","I always thought curling was funny to watch because it seemed like they weren't sweeping anything, but its because the ice is lightly listed beforehand, creating pebbles on the ice.",NYT,https://www.nytimes.com/athletic/7027221/2026/02/07/why-sweep-ice-curling-olympics/?source=athletic_user_shared_article_copylink&smid=url-share-ta,2026-02-08T04:43:07.000Z,New York Times,['Sports'],Good News,['Amused']
MAC x Depop collab was poorly executed and people were being really ungrateful and disrespectful in order to the lipsticks they wanted.,I went there today and the staff said the event was shut down eventhough it was supposed to end at 6PM,Instagram Reels,https://www.instagram.com/reel/DUbahBwkVzf/?igsh=NXVxdGh4N2ZuOTdx,2026-02-07T04:24:45.000Z,Instagram,['Technology'],Bad News,"['Concerned', 'Frustrated']"
Homeless people are freezing in the cold and it's disputed whether it's because of the new Mamdani system or not.,We live in NY and Mamdani is supposed to protect these people.,NYT,https://www.nytimes.com/2026/01/27/well/food-diet-nutrition-cancer-risk.html?smid=nytcore-android-share,2026-02-05T13:45:47.000Z,New York Times,['Politics'],Bad News,"['Concerned', 'Frustrated']"
"The snow is really bad in Japan (3 feet), lots of people have died or got injured and homes are getting buried.","Yesterday I posted something about a Japanese Pizza popup in NYC and the owner's flight got delayed due to the storm, I thought they were referring to the storm in NYC. I didn't know there was also a storm there.",NYT,https://www.nytimes.com/video/world/asia/100000010686677/japan-snow-deaths.html,2026-02-03T20:02:11.000Z,New York Times,"['Local', 'Environment', 'International']",Bad News,['Curious']
"Tokyo Pizzeria is coming to NY for a 2 day popup, the weather made him concerned tho because it delayed his flight 1+days and the cold weather impacts the yeast in the pizza dough. He uses a special flour thats a combo of other flours, so altho hes shared his recipes before hes never shared his flour mix.","I was js in Tokyo and I wanted to try the famous pizzas lmao, lowk I had pizza in Italy and it was js ok, I heard some from Tokyo are really good though.",NYT,https://www.nytimes.com/2026/01/29/dining/tokyo-pizza-studio-tamaki-nyc-opening.html?smid=nytcore-android-share,2026-02-03T04:54:00.000Z,New York Times,['International'],Good News,['Amused']
Trump appears thousands of times in the Epstein files but he's not going to be convicted of anything because they're from anonymous tips and the info is unconfirmed...but there's other parts that are saying Melania might have emailed Ghislaine Maxwell.,The Epstein files and our president. I was confused before because like how can they have so much info but he's not convicted of anything how is he allowed to be president?,NYT,https://www.nytimes.com/2026/02/01/us/trump-epstein-files.html?smid=nytcore-android-share,2026-02-02T03:52:19.000Z,New York Times,"['Politics', 'Technology', 'Culture']",Bad News,"['Concerned', 'Frustrated']"
Billionaires and other wealthy/influential people lied about their involvement with Epstein (saying they denied invitations or their relationship was steictly business) and it is revealed on what they actually did with Epstein.,"The Epstein files were released and all the influential billionaires are involved, why and how are they not in jail...",NYT,https://www.nytimes.com/2026/01/31/us/epstein-powerful-men.html?smid=nytcore-android-share,2026-02-01T04:43:30.000Z,New York Times,"['Technology', 'Business']",Bad News,"['Concerned', 'Frustrated']"
"People in MN are buying red yarn and ""Melt the ICE"" hat pattern to show their alignment against ICE, the community is running out of red yarn and it js shows how everyone is committing together. The history of the pattern is that it was worn by Norwegians ""fighting Nazi occupiers"" so it had great meaning behind it too.","ICE is heavily prevalent and we can feel helpless on what we can do to help, this is something everyone is capable of doing to show their solidarity.",NYT,https://www.nytimes.com/2026/01/30/style/minnesota-ice-red-hats-knit.html,2026-01-30T20:19:05.000Z,New York Times,['Politics'],Good News,['Curious']
"This article gives tips on how to restore your sweaters that have pilled, using a sweater shaver is the easiest thing and best for synthetic sweaters (remember to use gently though), but if you have cashmere, merino, or other natural fiber sweaters then they recommend a sweater comb.","Putting on a sweater today, I noticed it was super pilled and I have other sweaters that pill really heavily and leave fibers on shirts underneath etc. This is really annoying to me and I wanted to find a solution to minimize that. I don't know if this is the best way, and I'm afraid to use a shaver on my sweater, but so far this seems like the best method.",NYT,https://www.nytimes.com/wirecutter/reviews/fabric-shavers-101/,2026-01-29T18:49:43.000Z,New York Times,"['Technology', 'Culture']",Good News,"['Concerned', 'Frustrated']"
"Be aware of what you eat and try to follow a more plant based diet, avoiding smoked or grilled red meat, and eat less ultraprocessed foods--artificially sweetened foods.","As we all grow older, we have to take care of our bodies to give it the best opportunities when we are older, not js in terms of cancer but for other health benefits.",New York Times,https://www.nytimes.com/2026/01/27/well/food-diet-nutrition-cancer-risk.html?smid=nytcore-android-share,2026-01-28T09:58:33.000Z,New York Times,"['Health', 'Culture']",Good News,['Curious']
"Trump said he wants an honest investigation about Alex Pretti's killing in Minneapolis, but also says that carrying a legal gun is not okay. This has caused Chris Madel to step down from running from governor because the Trump Administration crackdown on immigrants is acting ""lawlessly"" and he doesn't want to support that.","I feel like I don't consume the news enough, and when I do consume it, it is in bits and pieces, so this story matters to me because I was able to fill in the gaps of things that I already knew and learn a lot of new things about our administration.",NYT,https://www.nytimes.com/live/2026/01/27/us/minneapolis-shooting-ice-minnesota,2026-01-27T20:20:26.000Z,New York Times,"['Politics', 'Social Issues']",Bad News,"['Concerned', 'Frustrated']"